feature_name,Pearson,positive_corrective_rate_avg,positive_corrective_rate_std,positive_files_num,negative_corrective_rate_avg,negative_corrective_rate_std,negative_files_num,accuracy,hit_rate,precision,precision_lift,recall,Jaccard,prob_in_reduced_risk,lift_in_reduced_risk,CCP
OuterTypeNumber,0.03,0.33,0.18856180831641264,2.0,0.12315547641428395,0.12385366447753063,7966.0,0.95,0.0,0.5,10.07,0.0,0.0,0.0,,0.36
OneTopLevelClass,0.03,0.33,0.18856180831641264,2.0,0.12315547641428395,0.12385366447753063,7966.0,0.95,0.0,0.5,10.07,0.0,0.0,0.0,,0.36
MissingJavadocPackage,0.05,0.35,0.2772383651501197,5.0,0.12306792144286316,0.12365709912860462,7963.0,0.95,0.0,0.4,7.85,0.01,0.01,0.0,,0.39
NoWhitespaceAfter,0.13,0.3,0.2926581604073566,62.0,0.12181241450970882,0.12066686074250267,7906.0,0.95,0.01,0.34,6.5,0.06,0.05,0.01,0.0,0.32
Regexp,0.02,0.25,0.2261573006905755,3.0,0.12316118940377081,0.12384865221026221,7965.0,0.95,0.0,0.33,6.38,0.0,0.0,0.0,,0.26
any-REGEXP CHECKS,0.02,0.25,0.2261573006905755,3.0,0.12316118940377081,0.12384865221026221,7965.0,0.95,0.0,0.33,6.38,0.0,0.0,0.0,,0.26
NestedForDepth,0.01,0.17,0.22849040547620061,3.0,0.12319117354392443,0.12386818706671142,7965.0,0.95,0.0,0.33,6.38,0.0,0.0,0.0,,0.16
OverloadMethodsDeclarationOrder,0.09,0.27,0.23611806028297683,45.0,0.12239536024763088,0.12252331945366254,7923.0,0.95,0.01,0.27,4.9,0.03,0.03,0.0,-1.0,0.29
NPathComplexity,0.02,0.22,0.1161117582125329,8.0,0.1231101162206264,0.12387660207900718,7960.0,0.95,0.0,0.25,4.53,0.01,0.01,0.0,,0.22
NoClone,0.02,0.24,0.29597476432326564,5.0,0.1231355321220524,0.12372807320396134,7963.0,0.95,0.0,0.2,3.43,0.0,0.0,0.0,,0.25
TypecastParenPad,0.02,0.21,0.22784727114138711,5.0,0.12315210198666947,0.12381424340662534,7963.0,0.95,0.0,0.2,3.43,0.0,0.0,0.0,,0.21
JavadocTagContinuationIndentation,0.02,0.15,0.17768444252205048,41.0,0.12305074485771675,0.12355843223070398,7927.0,0.95,0.01,0.2,3.32,0.02,0.02,0.01,0.0,0.14
EmptyCatchBlock,0.02,0.18,0.15803664259005168,11.0,0.12312815210424956,0.1238410914845312,7957.0,0.95,0.0,0.18,3.02,0.01,0.01,0.0,,0.17
ArrayTypeStyle,0.02,0.17,0.16921198293555798,17.0,0.12309781538098535,0.1237776845733885,7951.0,0.95,0.0,0.18,2.91,0.01,0.01,0.0,,0.16
TrailingComment,0.08,0.19,0.21041817473030816,206.0,0.12155120951615937,0.12034607444090419,7762.0,0.94,0.03,0.17,2.76,0.1,0.07,0.02,-0.33333333333333326,0.19
MissingSwitchDefault,0.02,0.17,0.13572774216512368,28.0,0.12304940657266558,0.12383755621328857,7940.0,0.95,0.0,0.14,2.16,0.01,0.01,0.0,,0.16
MethodParamPad,0.04,0.19,0.24090786263015473,39.0,0.12286651542669465,0.12298336990626671,7929.0,0.95,0.0,0.13,1.84,0.01,0.01,0.0,,0.19
ReturnCount,0.06,0.16,0.1637062846432002,292.0,0.12180830367510863,0.12192570361872597,7676.0,0.93,0.04,0.13,1.8,0.1,0.06,0.03,-0.25,0.15
PackageDeclaration,0.02,0.19,0.15253142786642634,8.0,0.12313723368021873,0.12386030721086688,7960.0,0.95,0.0,0.12,1.77,0.0,0.0,0.0,,0.19
EqualsAvoidNull,0.02,0.17,0.1501750423098136,24.0,0.12305363665511924,0.12379246388416103,7944.0,0.95,0.0,0.12,1.77,0.01,0.01,0.0,,0.16
TypeName,-0.01,0.11,0.13788306523681385,33.0,0.12328122461829598,0.1238439103098747,7935.0,0.95,0.0,0.12,1.68,0.01,0.01,0.01,,0.09
NoWhitespaceBefore,0.01,0.14,0.11352992506505277,37.0,0.1231409570776497,0.12394986290664625,7931.0,0.95,0.0,0.11,1.39,0.01,0.01,0.0,,0.12
NeedBraces,0.08,0.17,0.17264161051454613,354.0,0.12119603517482781,0.12079779890645245,7614.0,0.92,0.04,0.1,1.25,0.1,0.05,0.03,-0.25,0.16
MemberName,0.01,0.14,0.14102250277335962,42.0,0.12312703831153339,0.12380891957872492,7926.0,0.95,0.01,0.1,1.11,0.01,0.01,0.01,0.0,0.12
CyclomaticComplexity,0.02,0.16,0.11965514145856851,34.0,0.12303368753401205,0.12389723553912226,7934.0,0.95,0.0,0.09,0.95,0.01,0.01,0.0,,0.15
UnnecessaryParentheses,0.03,0.15,0.16459504140397876,87.0,0.12285875775434958,0.12334529586171337,7881.0,0.95,0.01,0.09,1.04,0.02,0.02,0.01,0.0,0.14
VisibilityModifier,0.06,0.15,0.1550925079315266,546.0,0.12135399476321533,0.12109591223301339,7422.0,0.9,0.07,0.09,1.07,0.14,0.06,0.07,0.0,0.14
ClassMemberImpliedModifier,0.02,0.15,0.15693518660037425,80.0,0.12296491224859858,0.12350932208170469,7888.0,0.95,0.01,0.09,0.94,0.02,0.02,0.01,0.0,0.14
AnonInnerLength,0.01,0.14,0.14282960196133052,22.0,0.1231565999476158,0.12385092017742397,7946.0,0.95,0.0,0.09,1.01,0.01,0.01,0.0,,0.12
MultipleVariableDeclarations,0.0,0.14,0.14397602438502838,11.0,0.12318546315298616,0.12387987567521419,7957.0,0.95,0.0,0.09,1.01,0.0,0.0,0.0,,0.12
ConstantName,0.02,0.14,0.14285191553429819,256.0,0.12270210667036993,0.12320012432066403,7712.0,0.93,0.03,0.09,0.9,0.06,0.04,0.03,0.0,0.12
ParameterAssignment,0.01,0.14,0.14931633094256555,53.0,0.12311034261315625,0.1237186396881192,7915.0,0.95,0.01,0.09,1.09,0.01,0.01,0.01,0.0,0.12
AbbreviationAsWordInName,-0.01,0.12,0.13466078220364805,80.0,0.12327065021009348,0.12379467024161922,7888.0,0.95,0.01,0.09,0.94,0.02,0.02,0.01,0.0,0.1
SingleSpaceSeparator,0.05,0.16,0.13493444055972553,223.0,0.12221714765520719,0.12343597411543605,7745.0,0.93,0.03,0.08,0.79,0.05,0.03,0.02,-0.33333333333333326,0.15
NestedIfDepth,0.01,0.15,0.18510066264621883,50.0,0.12306449176416798,0.12342216902637862,7918.0,0.95,0.01,0.08,0.77,0.01,0.01,0.01,0.0,0.14
MagicNumber,0.04,0.14,0.1646828748568806,616.0,0.12160035885952174,0.11973074553048059,7352.0,0.89,0.08,0.08,0.83,0.14,0.06,0.08,0.0,0.12
JavadocMethod,0.04,0.14,0.14536249681522603,474.0,0.12209145412555386,0.12234262375492876,7494.0,0.9,0.06,0.08,0.68,0.1,0.05,0.05,-0.16666666666666663,0.12
InnerTypeLast,0.01,0.14,0.1553218992454867,85.0,0.12302766131837982,0.12351849721401323,7883.0,0.95,0.01,0.08,0.82,0.02,0.02,0.0,-1.0,0.12
InvalidJavadocPosition,0.0,0.13,0.12411411368157453,39.0,0.12318833561045534,0.12390734792705242,7929.0,0.95,0.0,0.08,0.7,0.01,0.01,0.01,,0.11
any-METRICS CHECKS,0.03,0.16,0.12654183512212636,74.0,0.12289369110701256,0.12384103652908351,7894.0,0.95,0.01,0.07,0.5,0.01,0.01,0.01,0.0,0.15
UnusedImports,0.04,0.15,0.15817652737055363,252.0,0.12234537250228297,0.12253702690059445,7716.0,0.93,0.03,0.07,0.58,0.05,0.03,0.03,0.0,0.14
RedundantModifier,0.04,0.15,0.1408652909087373,269.0,0.12229403190759927,0.12317585908517438,7699.0,0.93,0.03,0.07,0.65,0.06,0.03,0.03,0.0,0.14
ModifierOrder,0.02,0.14,0.1692871240916132,130.0,0.12287610024594084,0.12299427731643751,7838.0,0.94,0.02,0.07,0.53,0.02,0.02,0.01,-0.5,0.12
WhitespaceAfter,0.03,0.14,0.13987765451855572,288.0,0.12257140645631955,0.12322620388857601,7680.0,0.92,0.04,0.07,0.46,0.05,0.03,0.03,-0.25,0.12
ClassFanOutComplexity,0.01,0.14,0.1406568283754619,14.0,0.12317989040109481,0.12387758425369966,7954.0,0.95,0.0,0.07,0.58,0.0,0.0,0.0,,0.12
MissingDeprecated,0.0,0.13,0.145160915754583,27.0,0.1231772137999257,0.123831930480112,7941.0,0.95,0.0,0.07,0.64,0.01,0.01,0.0,,0.11
RightCurly,0.0,0.13,0.13863492934185248,110.0,0.12317969756671937,0.12369179474946015,7858.0,0.94,0.01,0.07,0.61,0.02,0.02,0.02,1.0,0.11
ArrayTrailingComma,-0.01,0.1,0.1264202882850632,15.0,0.1232476378156827,0.12390086405436312,7953.0,0.95,0.0,0.07,0.48,0.0,0.0,0.0,,0.07
AvoidStaticImport,0.09,0.16,0.14910424827035354,800.0,0.11932817589243681,0.12015210030219921,7168.0,0.87,0.1,0.06,0.27,0.13,0.04,0.06,-0.4,0.15
WhitespaceAround,0.06,0.14,0.12645802558874034,918.0,0.12048962204234666,0.12331327337971731,7050.0,0.85,0.12,0.06,0.4,0.16,0.05,0.08,-0.33333333333333326,0.12
IllegalType,0.01,0.14,0.12678729519655468,35.0,0.12311703485101154,0.12388853459627414,7933.0,0.95,0.0,0.06,0.26,0.01,0.01,0.0,,0.12
CommentsIndentation,0.02,0.14,0.1658436148707478,79.0,0.12300677378398753,0.12340628058176148,7889.0,0.95,0.01,0.06,0.4,0.01,0.01,0.01,0.0,0.12
EmptyLineSeparator,0.07,0.13,0.14054275450610917,3102.0,0.11582299675225169,0.11139712023134792,4866.0,0.62,0.39,0.06,0.41,0.55,0.06,0.35,-0.10256410256410264,0.11
AvoidInlineConditionals,0.02,0.13,0.12691517040997266,407.0,0.12269025888348752,0.12372390459081695,7561.0,0.91,0.05,0.06,0.36,0.07,0.03,0.05,0.0,0.11
FinalLocalVariable,0.03,0.13,0.1331005642138795,2724.0,0.12024467904688119,0.11874647226743125,5244.0,0.65,0.34,0.06,0.24,0.42,0.05,0.34,0.0,0.11
CustomImportOrder,0.03,0.15,0.1537921366026193,161.0,0.12271251643104679,0.12317099789999712,7807.0,0.94,0.02,0.05,0.1,0.02,0.02,0.01,-0.5,0.14
any-BLOCK CHECKS,0.06,0.14,0.1402908928004561,1126.0,0.1202144262135063,0.12074002919730921,6842.0,0.83,0.14,0.05,0.2,0.17,0.04,0.11,-0.2142857142857143,0.12
DesignForExtension,0.13,0.14,0.1301650083543887,4253.0,0.10569861865681915,0.11383750001189927,3715.0,0.48,0.53,0.05,0.2,0.64,0.05,0.45,-0.15094339622641506,0.12
HiddenField,0.07,0.14,0.12178028687360817,2192.0,0.11784945696018478,0.12428734583151987,5776.0,0.71,0.28,0.05,0.08,0.3,0.04,0.23,-0.1785714285714286,0.12
any-CLASS DESIGN CHECKS,0.11,0.13,0.1303719058348814,5159.0,0.10453236708601882,0.10860741588600499,2809.0,0.38,0.65,0.05,0.2,0.78,0.05,0.6,-0.07692307692307698,0.11
any-ILLEGAL CHECKS,0.01,0.13,0.11585417070978511,263.0,0.12295183401508583,0.12416537269639237,7705.0,0.92,0.03,0.05,0.01,0.03,0.02,0.03,0.0,0.11
FinalParameters,0.08,0.13,0.1323333876991913,5351.0,0.10855255937773979,0.10304602923115826,2617.0,0.36,0.67,0.05,0.18,0.79,0.05,0.65,-0.02985074626865669,0.11
IllegalCatch,0.01,0.13,0.11605218091588651,220.0,0.12304471478231709,0.12411962597421462,7748.0,0.93,0.03,0.05,0.01,0.03,0.02,0.03,0.0,0.11
JavadocVariable,0.05,0.13,0.12697294568258233,4710.0,0.11578376556788007,0.11894778840572581,3258.0,0.42,0.59,0.05,0.09,0.64,0.05,0.57,-0.03389830508474578,0.11
MultipleStringLiterals,0.01,0.13,0.12047525987410422,503.0,0.12291278694317849,0.12413059886743126,7465.0,0.9,0.06,0.05,0.01,0.06,0.03,0.06,0.0,0.11
LineLength,0.05,0.13,0.12727214035773488,6607.0,0.10844813105321005,0.10481760342050138,1361.0,0.21,0.83,0.05,0.08,0.9,0.05,0.81,-0.02409638554216853,0.11
any-SIZE VIOLATION CHECKS,0.05,0.13,0.12721857241447934,6618.0,0.10845997909948919,0.10494810426187248,1350.0,0.21,0.83,0.05,0.08,0.9,0.05,0.81,-0.02409638554216853,0.11
any-ANNOTATION CHECKS,0.03,0.13,0.1265094809943792,5122.0,0.11793021375165108,0.1189019659288806,2846.0,0.37,0.64,0.05,0.05,0.68,0.05,0.62,-0.03125,0.11
AnnotationOnSameLine,0.03,0.13,0.12687657358110854,5061.0,0.11827612377197759,0.11840200717479103,2907.0,0.38,0.64,0.05,0.05,0.67,0.05,0.62,-0.03125,0.11
any-MISC CHECKS,0.05,0.13,0.12713828710911373,6546.0,0.11045969538290369,0.10686892953463935,1422.0,0.21,0.82,0.05,0.07,0.88,0.05,0.81,-0.012195121951219412,0.11
any-CODING CHECKS,0.02,0.12,0.1261306710062378,5917.0,0.1192514594700132,0.11717043538977909,2051.0,0.28,0.74,0.05,0.06,0.79,0.05,0.75,0.013513513513513598,0.1
FinalClass,0.0,0.12,0.13803735912416235,134.0,0.12318616558110097,0.12365470817890596,7834.0,0.94,0.02,0.05,0.16,0.02,0.01,0.02,0.0,0.1
any-WHITESPACE CHECKS,0.0,0.12,0.1335140635802862,5290.0,0.12264324335107991,0.10231136226618608,2678.0,0.36,0.66,0.05,0.17,0.78,0.05,0.71,0.07575757575757569,0.1
avg_coupling_java_size,,0.12,0.12390088330732901,7968.0,,,,0.05,1.0,0.05,0.0,1.0,0.05,1.0,0.0,0.1
avg_coupling_size_capped,,0.12,0.12390088330732901,7968.0,,,,0.05,1.0,0.05,0.0,1.0,0.05,1.0,0.0,0.1
avg_coupling_java_size_capped,,0.12,0.12390088330732901,7968.0,,,,0.05,1.0,0.05,0.0,1.0,0.05,1.0,0.0,0.1
ImportControl,-0.01,0.12,0.12384873733711499,7964.0,0.18607954545454547,0.22245727102328994,4.0,0.05,1.0,0.05,-0.0,1.0,0.05,1.0,0.0,0.1
any-IMPORT CHECKS,-0.02,0.12,0.12384865221026221,7965.0,0.24810606060606064,0.2261573006905755,3.0,0.05,1.0,0.05,-0.0,1.0,0.05,1.0,0.0,0.1
SummaryJavadoc,-0.01,0.12,0.12862570752421335,1906.0,0.12371598096305855,0.1223841216295483,6062.0,0.74,0.24,0.05,0.02,0.24,0.04,0.23,-0.04166666666666663,0.1
any-NAMING CONVENTIONS CHECKS,-0.03,0.11,0.11415353494919804,1011.0,0.12456495762334377,0.12520401281285368,6957.0,0.84,0.13,0.05,0.07,0.14,0.04,0.14,0.0769230769230771,0.09
OperatorWrap,-0.02,0.11,0.11721066838668566,288.0,0.12365791612588635,0.12412945370224639,7680.0,0.92,0.04,0.05,0.08,0.04,0.02,0.04,0.0,0.09
HideUtilityClassConstructor,-0.05,0.1,0.1245001010125859,574.0,0.12502065288898673,0.12367846913384054,7394.0,0.89,0.07,0.05,0.04,0.08,0.03,0.1,0.4285714285714286,0.07
ParameterName,-0.01,0.1,0.11431838420461957,39.0,0.1233285761344635,0.12394090285960109,7929.0,0.95,0.0,0.05,0.14,0.01,0.01,0.01,,0.07
InnerAssignment,-0.02,0.07,0.1083534361046831,21.0,0.12333652336631067,0.12392015138879608,7947.0,0.95,0.0,0.05,0.05,0.0,0.0,0.01,,0.04
ExplicitInitialization,0.02,0.15,0.10410338497358282,90.0,0.1229161587910224,0.12408394647786446,7878.0,0.94,0.01,0.04,-0.02,0.01,0.01,0.01,0.0,0.14
AvoidStarImport,0.04,0.14,0.10750583139378628,369.0,0.12217676981142603,0.12455611946859461,7599.0,0.91,0.05,0.04,-0.04,0.04,0.02,0.03,-0.4,0.12
ClassDataAbstractionCoupling,0.01,0.14,0.13608746532470617,27.0,0.12316245229457667,0.12386431583447469,7941.0,0.95,0.0,0.04,-0.18,0.0,0.0,0.0,,0.12
MissingJavadocMethod,0.05,0.13,0.12103591589875165,5175.0,0.11441837953988787,0.12860150696690945,2793.0,0.36,0.65,0.04,-0.04,0.62,0.04,0.59,-0.09230769230769242,0.11
JavadocPackage,0.01,0.13,0.11110371640054915,1594.0,0.12230960342449412,0.12689180713913217,6374.0,0.77,0.2,0.04,-0.18,0.16,0.03,0.17,-0.15000000000000002,0.11
ParameterNumber,0.0,0.13,0.09899430870283193,91.0,0.12317017481947405,0.12416396210913327,7877.0,0.94,0.01,0.04,-0.03,0.01,0.01,0.01,0.0,0.11
ImportOrder,0.02,0.13,0.12662025672142435,4607.0,0.11992915374676515,0.12001458636319227,3361.0,0.43,0.58,0.04,-0.02,0.56,0.04,0.57,-0.017241379310344862,0.11
any-JAVADOC COMMENTS CHECKS,-0.03,0.12,0.12253290940917111,7778.0,0.15037668582073127,0.1689501543146955,190.0,0.06,0.98,0.04,-0.03,0.95,0.04,0.97,-0.010204081632653073,0.1
any-MODIFIER CHECKS,-0.01,0.12,0.12047765291979622,1442.0,0.12350160931163734,0.12465173549675498,6526.0,0.79,0.18,0.04,-0.02,0.18,0.04,0.16,-0.11111111111111105,0.1
JavadocStyle,-0.01,0.12,0.12025698173922657,1420.0,0.12350280018623304,0.12468407263315011,6548.0,0.79,0.18,0.04,-0.14,0.15,0.03,0.17,-0.05555555555555547,0.1
NonEmptyAtclauseDescription,-0.0,0.12,0.1133725230946687,158.0,0.12325932596022636,0.12411078677252933,7810.0,0.94,0.02,0.04,-0.16,0.02,0.01,0.01,-0.5,0.1
TodoComment,-0.0,0.12,0.10813772261309468,98.0,0.12324512639532163,0.12409011454209906,7870.0,0.94,0.01,0.04,-0.1,0.01,0.01,0.01,0.0,0.1
JavadocParagraph,-0.01,0.12,0.12914172096443,514.0,0.12341686059863755,0.12353757638063859,7454.0,0.9,0.06,0.04,-0.1,0.06,0.02,0.08,0.3333333333333335,0.1
SeparatorWrap,-0.02,0.12,0.11595986059221862,1239.0,0.12409998180772748,0.12529597553232177,6729.0,0.81,0.16,0.04,-0.21,0.12,0.03,0.17,0.0625,0.1
MissingJavadocType,-0.04,0.12,0.11406340256099298,3972.0,0.12813635813920365,0.13279098400990375,3996.0,0.5,0.5,0.04,-0.09,0.45,0.04,0.51,0.020000000000000018,0.1
WriteTag,-0.05,0.12,0.11416589047963112,4232.0,0.12936630530287144,0.13382626233369435,3736.0,0.47,0.53,0.04,-0.08,0.49,0.04,0.54,0.018867924528301883,0.1
MissingCtor,-0.04,0.12,0.12309332969250283,2962.0,0.12687804655257143,0.12424275844160391,5006.0,0.61,0.37,0.04,-0.05,0.35,0.04,0.4,0.08108108108108114,0.1
ParenPad,-0.01,0.12,0.10518790006879361,206.0,0.12341044944430693,0.1243585969303636,7762.0,0.93,0.03,0.04,-0.14,0.02,0.01,0.02,-0.33333333333333326,0.1
Indentation,-0.09,0.11,0.12805719068400187,3112.0,0.132023334147439,0.12035178898862267,4856.0,0.6,0.39,0.04,-0.08,0.36,0.04,0.53,0.35897435897435903,0.09
FileTabCharacter,-0.12,0.09,0.13644565107085932,1637.0,0.13083786629681682,0.11927434320137426,6331.0,0.77,0.21,0.04,-0.08,0.19,0.04,0.36,0.7142857142857142,0.06
LeftCurly,0.02,0.13,0.11703920144141701,750.0,0.12243528801540852,0.1245744241121243,7218.0,0.87,0.09,0.03,-0.35,0.06,0.02,0.07,-0.2222222222222221,0.11
AbstractClassName,0.01,0.13,0.0997412246383384,357.0,0.1230587767962339,0.12492280953164729,7611.0,0.91,0.04,0.03,-0.26,0.03,0.02,0.03,-0.25,0.11
InterfaceMemberImpliedModifier,-0.02,0.12,0.1084786219377924,1180.0,0.1244588177464385,0.12635540894945196,6788.0,0.82,0.15,0.03,-0.27,0.11,0.03,0.14,-0.06666666666666654,0.1
SingleLineJavadoc,-0.01,0.11,0.08010614532375587,58.0,0.12332997284785427,0.12416007345165962,7910.0,0.95,0.01,0.03,-0.24,0.01,0.0,0.0,-1.0,0.09
StaticVariableName,-0.02,0.1,0.09766420652455204,90.0,0.12347615041682214,0.12414790756327695,7878.0,0.94,0.01,0.03,-0.26,0.01,0.01,0.01,0.0,0.07
AnnotationUseStyle,-0.02,0.1,0.09855626979243957,108.0,0.12353087937950724,0.12418721066430057,7860.0,0.94,0.01,0.03,-0.39,0.01,0.01,0.01,0.0,0.07
DeclarationOrder,-0.07,0.09,0.11334754096502012,553.0,0.1255264812675139,0.12434816978989227,7415.0,0.89,0.07,0.03,-0.4,0.04,0.02,0.1,0.4285714285714286,0.06
InterfaceIsType,-0.02,0.09,0.10406931973746449,34.0,0.12334201328153305,0.1239676402243752,7934.0,0.95,0.0,0.03,-0.35,0.0,0.0,0.01,,0.06
VariableDeclarationUsageDistance,-0.03,0.07,0.09592233857346313,38.0,0.12344318518352754,0.12397777355527993,7930.0,0.95,0.0,0.03,-0.42,0.0,0.0,0.01,,0.04
AnnotationLocation,0.01,0.13,0.07634949011625464,108.0,0.12311810408576827,0.12442840133656667,7860.0,0.94,0.01,0.02,-0.59,0.01,0.0,0.0,-1.0,0.11
NewlineAtEndOfFile,-0.01,0.12,0.08534963497661882,803.0,0.12381329004211247,0.12748730706415407,7165.0,0.86,0.1,0.02,-0.56,0.04,0.01,0.06,-0.4,0.1
UncommentedMain,-0.09,0.07,0.10006417117483746,325.0,0.12547082826656933,0.12431513371350617,7643.0,0.92,0.04,0.02,-0.52,0.02,0.01,0.08,1.0,0.04
AtclauseOrder,-0.09,0.06,0.07823050113560218,236.0,0.12519415533622485,0.12450240648155954,7732.0,0.93,0.03,0.02,-0.62,0.01,0.01,0.05,0.6666666666666667,0.02
JavadocType,-0.02,0.1,0.09306048501731393,86.0,0.12345292205209663,0.1241772764154118,7882.0,0.94,0.01,0.01,-0.74,0.0,0.0,0.01,0.0,0.07
NestedTryDepth,0.01,0.21,,1.0,0.12319680005881349,0.12390445737922105,7967.0,0.95,0.0,0.0,-1.0,0.0,0.0,0.0,,0.21
SimplifyBooleanReturn,0.01,0.2,,1.0,0.12319859316968153,0.12390567235679682,7967.0,0.95,0.0,0.0,-1.0,0.0,0.0,0.0,,0.2
SuperClone,0.01,0.2,,1.0,0.12319859316968154,0.12390567235679659,7967.0,0.95,0.0,0.0,-1.0,0.0,0.0,0.0,,0.2
PackageName,0.01,0.18,0.023570226039551587,2.0,0.1231931364695187,0.12391249291414572,7966.0,0.95,0.0,0.0,-1.0,0.0,0.0,0.0,,0.17
FallThrough,0.01,0.17,0.04040610178208844,2.0,0.12319612536279133,0.12391325444162332,7966.0,0.95,0.0,0.0,-1.0,0.0,0.0,0.0,,0.16
IllegalImport,0.0,0.17,,1.0,0.12320277709504031,0.12390770309540629,7967.0,0.95,0.0,0.0,-1.0,0.0,0.0,0.0,,0.16
RedundantImport,0.01,0.16,0.08500530898313159,17.0,0.12312269710169718,0.12396081463130863,7951.0,0.95,0.0,0.0,-1.0,0.0,0.0,0.0,,0.15
MutableException,0.01,0.16,0.07082048825620632,16.0,0.12313214694541523,0.12397570574655471,7952.0,0.95,0.0,0.0,-1.0,0.0,0.0,0.0,,0.15
AvoidNestedBlocks,0.01,0.15,0.0660607764470659,10.0,0.12316914423687851,0.12395389574035495,7958.0,0.95,0.0,0.0,-1.0,0.0,0.0,0.0,,0.14
JavaNCSS,0.0,0.15,0.13439959163196982,3.0,0.123196819267679,0.12390451761179176,7965.0,0.95,0.0,0.0,-1.0,0.0,0.0,0.0,,0.14
EqualsHashCode,0.0,0.15,0.08249996521690003,5.0,0.12319388280202809,0.12392466177994112,7963.0,0.95,0.0,0.0,-1.0,0.0,0.0,0.0,,0.14
ModifiedControlVariable,0.0,0.15,0.04158536903953251,3.0,0.12319994067133563,0.12392172850031269,7965.0,0.95,0.0,0.0,-1.0,0.0,0.0,0.0,,0.14
BooleanExpressionComplexity,0.0,0.14,0.11089039550795454,5.0,0.12319797003297704,0.12391417916829157,7963.0,0.95,0.0,0.0,-1.0,0.0,0.0,0.0,,0.12
OneStatementPerLine,-0.0,0.12,0.06823283032659438,7.0,0.12320911965375253,0.12394119029353469,7961.0,0.95,0.0,0.0,-1.0,0.0,0.0,0.0,,0.1
EmptyBlock,-0.0,0.12,0.05690445030192409,9.0,0.12321510966695144,0.12395762702898606,7959.0,0.95,0.0,0.0,-1.0,0.0,0.0,0.0,,0.1
SimplifyBooleanExpression,-0.0,0.11,0.10098906191940817,6.0,0.12321914227963726,0.12392108492365438,7962.0,0.95,0.0,0.0,-1.0,0.0,0.0,0.0,,0.09
ThrowsCount,-0.0,0.11,0.0839907493412252,4.0,0.1232158932196176,0.12392080381447029,7964.0,0.95,0.0,0.0,-1.0,0.0,0.0,0.0,,0.09
LambdaParameterName,-0.0,0.1,0.11087555379682246,5.0,0.1232199503340607,0.12391397994485036,7963.0,0.95,0.0,0.0,-1.0,0.0,0.0,0.0,,0.07
EmptyStatement,-0.0,0.1,0.14142135623730953,2.0,0.1232140587224269,0.12390575991144648,7966.0,0.95,0.0,0.0,-1.0,0.0,0.0,0.0,,0.07
MethodTypeParameterName,-0.0,0.1,,1.0,0.12321114494575784,0.12390838704299781,7967.0,0.95,0.0,0.0,-1.0,0.0,0.0,0.0,,0.07
GenericWhitespace,-0.01,0.1,0.10626191915704108,22.0,0.12327274661867159,0.12394589258932845,7946.0,0.95,0.0,0.0,-1.0,0.0,0.0,0.0,,0.07
IllegalThrows,-0.01,0.1,0.05661859467574895,12.0,0.12324538157784733,0.1239727270960451,7956.0,0.95,0.0,0.0,-1.0,0.0,0.0,0.0,,0.07
InterfaceTypeParameterName,-0.01,0.09,0.07076011535567407,9.0,0.12324436990197718,0.12394595846351636,7959.0,0.95,0.0,0.0,-1.0,0.0,0.0,0.0,,0.06
ExecutableStatementCount,-0.01,0.09,0.10722999863354618,13.0,0.12326106811589994,0.12392522253058737,7955.0,0.95,0.0,0.0,-1.0,0.0,0.0,0.0,,0.06
CatchParameterName,-0.02,0.09,0.08260956250732683,27.0,0.12332088727973778,0.12400620539132544,7941.0,0.95,0.0,0.0,-1.0,0.0,0.0,0.0,,0.06
UnnecessarySemicolonInTryWithResources,-0.0,0.09,0.016317848796612636,2.0,0.12321695564975264,0.12391507955075906,7966.0,0.95,0.0,0.0,-1.0,0.0,0.0,0.0,,0.06
any-UNNECESSARY CHECKS,-0.02,0.08,0.07052651961680308,18.0,0.1233041803218949,0.12398176446574889,7950.0,0.95,0.0,0.0,-1.0,0.0,0.0,0.0,,0.05
UnnecessarySemicolonInEnumeration,-0.02,0.08,0.07490462878498032,16.0,0.12329541708199039,0.12396753669046154,7952.0,0.95,0.0,0.0,-1.0,0.0,0.0,0.0,,0.05
ClassTypeParameterName,-0.02,0.08,0.06329388519356516,16.0,0.123297182428176,0.12397912093609754,7952.0,0.95,0.0,0.0,-1.0,0.0,0.0,0.0,,0.05
EmptyForIteratorPad,-0.01,0.08,0.1014837636888817,4.0,0.12323179268930914,0.12391188115464347,7964.0,0.95,0.0,0.0,-1.0,0.0,0.0,0.0,,0.05
MethodName,-0.01,0.08,0.10554430227030205,11.0,0.12327399235274827,0.12391738969822233,7957.0,0.95,0.0,0.0,-1.0,0.0,0.0,0.0,,0.05
AvoidEscapedUnicodeCharacters,-0.01,0.06,0.06177441237282137,5.0,0.12324497386293759,0.12392336579004706,7963.0,0.95,0.0,0.0,-1.0,0.0,0.0,0.0,,0.02
LocalFinalVariableName,-0.07,0.04,0.02242912891336863,102.0,0.12423134198508101,0.12434741113074821,7866.0,0.94,0.01,0.0,-1.0,0.0,0.0,0.02,1.0,-0.0
LocalVariableName,-0.07,0.04,0.029348529179848686,94.0,0.1241697581710169,0.12428259923733545,7874.0,0.94,0.01,0.0,-1.0,0.0,0.0,0.03,2.0,-0.0
SuperFinalize,-0.01,0.0,,1.0,0.12322369672183416,0.12390096904997247,7967.0,0.95,0.0,0.0,-1.0,0.0,0.0,0.0,,-0.05
NoFinalizer,-0.02,0.0,0.0,2.0,0.12323916542591673,0.1239010528828616,7966.0,0.95,0.0,0.0,-1.0,0.0,0.0,0.0,,-0.05
MethodLength,,,,,0.12320823190045842,0.12390088330732901,7968.0,0.95,0.0,0.0,-1.0,0.0,0.0,0.0,,
OuterTypeFilename,,,,,0.12320823190045842,0.12390088330732901,7968.0,0.95,0.0,0.0,-1.0,0.0,0.0,0.0,,
RegexpOnFilename,,,,,0.12320823190045842,0.12390088330732901,7968.0,0.95,0.0,0.0,-1.0,0.0,0.0,0.0,,
CovariantEquals,,,,,0.12320823190045842,0.12390088330732901,7968.0,0.95,0.0,0.0,-1.0,0.0,0.0,0.0,,
StringLiteralEquality,,,,,0.12320823190045842,0.12390088330732901,7968.0,0.95,0.0,0.0,-1.0,0.0,0.0,0.0,,
EmptyForInitializerPad,,,,,0.12320823190045842,0.12390088330732901,7968.0,0.95,0.0,0.0,-1.0,0.0,0.0,0.0,,
MethodCount,,,,,0.12320823190045842,0.12390088330732901,7968.0,0.95,0.0,0.0,-1.0,0.0,0.0,0.0,,
MissingOverride,,,,,0.12320823190045842,0.12390088330732901,7968.0,0.95,0.0,0.0,-1.0,0.0,0.0,0.0,,
NoLineWrap,,,,,0.12320823190045842,0.12390088330732901,7968.0,0.95,0.0,0.0,-1.0,0.0,0.0,0.0,,
IllegalToken,,,,,0.12320823190045842,0.12390088330732901,7968.0,0.95,0.0,0.0,-1.0,0.0,0.0,0.0,,
any-HEADER CHECKS,,,,,0.12320823190045842,0.12390088330732901,7968.0,0.95,0.0,0.0,-1.0,0.0,0.0,0.0,,
FileLength,,,,,0.12320823190045842,0.12390088330732901,7968.0,0.95,0.0,0.0,-1.0,0.0,0.0,0.0,,
DefaultComesLast,,,,,0.12320823190045842,0.12390088330732901,7968.0,0.95,0.0,0.0,-1.0,0.0,0.0,0.0,,
RequireThis,,,,,0.12320823190045842,0.12390088330732901,7968.0,0.95,0.0,0.0,-1.0,0.0,0.0,0.0,,
SuppressWarnings,,,,,0.12320823190045842,0.12390088330732901,7968.0,0.95,0.0,0.0,-1.0,0.0,0.0,0.0,,
UpperEll,,,,,0.12320823190045842,0.12390088330732901,7968.0,0.95,0.0,0.0,-1.0,0.0,0.0,0.0,,
